ID,NodeType,weight,x,y,label
A,,1,-6.091194,10.70657,A
B,,1,6.091193,-10.70657,B
C,,1,26.95202,4.050052,C
D,,1,46.16526,-6.086102,D
E,,1,13.43065,24.66187,E
F,,1,-26.95202,-4.050053,F
G,,1,-46.16526,6.086102,G
H,,1,-13.43065,-24.66187,H
