ID,NodeType,weight,x,y,label
A,,1,8.745215,-20.96032,A
B,,1,17.37709,-1.574216,B
C,,1,-3.426487,8.212521,C
D,,1,-11.59051,27.77986,D
E,,1,-11.10531,-13.45785,E
