ID,NodeType,weight,x,y,label
A,,1,-8.755068,-8.664985,A
B,,1,8.755069,8.664984,B
C,,1,-10.91706,24.97263,C
D,,1,-6.123897,46.16026,D
E,,1,-27.30537,6.558016,E
F,,1,10.91706,-24.97263,F
G,,1,6.123897,-46.16026,G
H,,1,27.30537,-6.558016,H
