ID,NodeType,weight,x,y,label
A,,1,14.01745,17.86967,A
B,,1,17.16773,-3.116187,B
C,,1,-5.492215,-7.001564,C
D,,1,-18.57809,-23.68365,D
E,,1,-7.114868,15.93173,E
