ID,NodeType,weight,x,y,label
A,,1,11.66417,-19.48746,A
B,,1,17.42307,0.9371694,B
C,,1,-4.570168,7.635434,C
D,,1,-15.45916,25.8278,D
E,,1,-9.057901,-14.91294,E
