ID,NodeType,weight,x,y,label
A,,1,-8.346713,21.12218,A
B,,1,-17.34416,1.903012,B
C,,1,3.270348,-8.275936,C
D,,1,11.06236,-27.99438,D
E,,1,11.35817,13.24513,E
