ID,NodeType,weight,x,y,label
A,,1,45.09526,-13.36082,A
A1,,1,-9.384704,50.3619,A1
B,,1,28.72427,5.31876,B
B1,,1,-22.12213,26.61034,B1
C,,1,47.16615,26.15182,C
C1,,1,-37.25018,48.49867,C1
D,,1,45.31825,50.34202,D
D1,,1,-47.97503,14.55921,D1
E,,1,61.25241,5.619872,E
E1,,1,-61.07729,-6.726995,E1
F,,1,26.05235,-32.10958,F
F1,,1,-56.07045,-31.46071,F1
G,,1,29.68157,-57.02116,G
G1,,1,-36.32965,-45.49737,G1
H,,1,2.133362,-7.853551,H
H1,,1,-15.21417,-33.43242,H1
