,X,Y,zz,Z,sum(A+3)
"[1, ]",4,2,62.8486434,6663536.1717658,1
"[2, ]",3,3,40.5495206,741556.6678073,1
"[3, ]",2,4,20.5966062,29682.2077081,1
"[4, ]",1,5,14.4129995,1817549.1237024,1
