,X,Y,zz,Z
"[1, ]",4,2,62.7248005,6460389.1897902
"[2, ]",3,3,43.5584453,2021765.6493056
"[3, ]",2,4,30.576075,4360239.2905719
"[4, ]",1,5,14.7438941,2530415.6713516
