,X,Y,zz,Z
"[1, ]",4,2,18230.9928471,111291.1559787
"[2, ]",3,3,3207.0999747,2538328.8730859
"[3, ]",2,4,208.192203,1846619.0878705
"[4, ]",1,5,15.6745578,6417619.5707441
