,X,Y,zz,Z,sum(A+3)
"[1, ]",4,2,57.5781636,1784307.4078692,1
"[2, ]",3,3,47.2911812,7016163.1858284,1
"[3, ]",2,4,30.7502037,4756876.5972726,1
"[4, ]",1,5,15.6546808,6291315.7353789,1
